,accuracy,precision,recall,f1,kapppa,set,modelo
0,0.746268656716418,0.7727272727272727,0.7285714285714285,0.75,0.4928762243989314,test,Regresión logistica Esta
1,0.7388059701492538,0.749003984063745,0.7094339622641509,0.7286821705426356,0.47724074512699766,train,Regresión logistica Esta
